﻿<?xml version="1.0" encoding="utf-8"?>
<Questions>
  <Question Description="" ID="0" Temp="5">
    <Contents>
      <Base_Contenue Version="1.0" Sujet="0" Question="Effectuer le calcul suivant :">
        <Parts>
          <Part Type="Calcul" Latex="\frac{1}{4}+3" Easy="1/4+3" Scale="20" />
        </Parts>
      </Base_Contenue>
    </Contents>
    <Corrections>
      <Base_Contenue Version="1.0" Sujet="0" Question="Effectuer le calcul suivant :">
        <Parts>
          <Part Type="Calcul" Latex="\frac{13}{4}" Easy="13/4" Scale="20" />
        </Parts>
      </Base_Contenue>
    </Corrections>
  </Question>
</Questions>