﻿<?xml version="1.0" encoding="utf-8"?>
<Questions>
  <Question Description="" ID="0" Temp="20">
    <Contents>
      <Content Type="Image" Sujet="0" Texte="Effectuer le calcul suivant :" Name="Img_23.png" />
      <Content Type="Calcul" Sujet="1" Texte="Effectuer le calcul suivant :" Latex="\frac{1}{4} + 3" Easy="1/4+3" Scale="22" />
      <Content Type="Calcul" Sujet="2" Texte="Effectuer le calcul suivant :" Latex="\frac{1}{4} + 3" Easy="1/4+3" Scale="22" />
      <Content Type="Calcul" Sujet="3" Texte="Effectuer le calcul suivant :" Latex="\frac{1}{4} + 3" Easy="1/4+3" Scale="22" />
    </Contents>
    <Corrections>
      <Content Type="Calcul" Sujet="0" Texte="Effectuer le calcul suivant :" Latex=" \sum_{i=0}^n 5" Easy="5" Scale="46" />
      <Content Type="Calcul" Sujet="1" Texte="Effectuer le calcul suivant :" Latex="\frac{1}{4} + 3" Easy="1/4+3" Scale="22" />
      <Content Type="Calcul" Sujet="2" Texte="Effectuer le calcul suivant :" Latex="\frac{1}{4} + 3" Easy="1/4+3" Scale="22" />
      <Content Type="Calcul" Sujet="3" Texte="Effectuer le calcul suivant :" Latex="\frac{1}{4} + 3" Easy="1/4+3" Scale="22" />
    </Corrections>
  </Question>
</Questions>